?????_????,?????_????,?????_????,?????_????,?????,???_?????,??????_???????_????,??????_???????_????,??????,???_?????,???_??????_???
????? ??? ??? ???,Dana Kiyma Orta Ya?l?,??? ???,Dana eti,750,,,,img/products/dana-etti/orta-kiyma.png,1,
????? ??? ??? ????,Dana Kiyma Az Ya?l?,??? ???,Dana eti,825,,,,img/products/dana-etti/az-kiyma.png,1,
????? ??? ???? ???,Dana Kiyma Ya?s?z,??? ???,Dana eti,900,,,,img/products/dana-etti/yagsiz-kiyma.jpg,1,
?? ????,Dana Tiranç,??? ???,Dana eti,950,,"???? ?????,?????,??????,??? ??????,??? ?????,???? ???,??? ?????","Bütün, Biftek, Bonfile, Orta parça, Büyük parça, Tencere kebab?, Ku?ba??",img/products/dana-etti/tiranc.JPG,1,
??? ????????,Dana Nuar,??? ???,Dana eti,1000,,"???? ?????,?????,?????","Bütün, Ba?l?, Dilim",img/products/dana-etti/nuar.jpg,1,
??? ???????,Dana Antrikot,??? ???,Dana eti,1200,,"???? ?????,?????,??????","Bütün, Biftek, Bonfile",img/products/dana-etti/antrikot.jpg,1,
??? ????,Dana Bonfile,??? ???,Dana eti,1500,,"???? ?????,?????,??????","Bütün, Biftek, Bonfile",img/products/dana-etti/bonfile.JPG,2,1.5
???? ???,Dana ?ncik,??? ???,Dana eti,875,,"???? ?????,??? ??????,??? ?????,???? ???,??? ?????","Bütün, Orta parça, Büyük parça, Tencere kebab?, Ku?ba??",img/products/dana-etti/incik.png,1,
???? ??? ??????,Dana Kemikli ?ncik,??? ???,Dana eti,750,,,,img/products/dana-etti/kemikli-incik.JPG,1,
??? ???,Dana Kurek,??? ???,Dana eti,900,,"???? ?????,??? ??????,??? ?????,???? ???,??? ?????","Bütün, Orta parça, Büyük parça, Tencere kebab?, Ku?ba??",img/products/dana-etti/dana-kurek.JPG,1,
??? ??? ??????,Dana Kemikli Et,??? ???,Dana eti,650,,,,img/products/dana-etti/kemikli-et.jpg,1,
??? ???,Dana Pirzola,??? ???,Dana eti,900,,,,img/products/dana-etti/pirzola.jpg,,
??? ????,Kuzu Kol,??? ????,Kuzu eti,650,,"???? ?????,????? ( ?? ????? ????? ??????? ?? ????????? ),????? ???? (??????),????? ???? (??????),????? ??? (??????)","Bütün, Ay?klanm?? (kesim ?ekli notlara yaz?lacak), Mansaf kesim (kemikli), Sebze kesim (kemikli), F?r?n kesim (kemikli)",img/products/kuzu-etti/kuzu-kol.jpg,2,3
???? ????,Kuzu But,??? ????,Kuzu eti,700,,"???? ?????,????? ( ?? ????? ????? ??????? ?? ????????? ),????? ????(??????),????? ???? (??????),????? ??? (??????)","Bütün, Ay?klanm?? (kesim ?ekli notlara yaz?lacak), Mansaf kesim (kemikli), Sebze kesim (kemikli), F?r?n kesim (kemikli)",img/products/kuzu-etti/kuzu-but.jpg,2,5
???? ????,Kuzu Gerdan,??? ????,Kuzu eti,550,,"???? ?????,????? ?????,?????","Bütün, Dilim kesim, Kemiksiz",img/products/kuzu-etti/kuzu-gerdan.jpg,1,
???? ????,Kuzu Kaburga,??? ????,Kuzu eti,690,,,,img/products/kuzu-etti/kuzu-kaburga.jpg,1,
??? ????,Kuzu Pirzola,??? ????,Kuzu eti,1490,,,,img/products/kuzu-etti/kuzu-pirzola.jpg,1,
??? ???? ????,Kuzu Kemiksiz Et,??? ????,Kuzu eti,1200,,,,img/products/kuzu-etti/kuzu-kiyma.jpg,1,
??? ???? ?????,Kuzu Kiyma,??? ????,Kuzu eti,1200,,,,img/products/kuzu-etti/kuzu-kemiksiz.jpg,1,
??? ????,Kuzu Kuyruk Ya?,??? ????,Kuzu eti,480,,"???? ?????,??? ?????,??? ??????,??????","Bütün, Ku?ba??, Orta parça, K?yma",img/products/kuzu-etti/kuyruk.jpg,1,
????? ?????,Bütün Tavuk,???? ?????,Beyaz et,110,,"????? ???? ?????,2 ??? ?????,4 ??? ?????,6 ??? ?????,8 ??? ?????","Tam, 2 adet kesim, 4 adet kesim, 6 adet kesim, 8 adet kesim",img/products/tavuk/tavuk.jpg,2,1.3
???? ????,Tavuk Bonfile,???? ?????,Beyaz et,190,,"???? ?????, ????? ?????,??? ?????,??? ?????,?????? (?????????),??????","Bütün, Pane dilim, Ku?ba??, ?i? tavuk, Julienne (?skenderiye usulü), Döner",img/products/tavuk/bonfile.jpg,1,
?????? ????,Tavuk Baget,???? ?????,Beyaz et,95,,,,img/products/tavuk/baget.jpg,1,
????? ????,Tavuk But,???? ?????,Beyaz et,80,,"???? ?????,????? ?? ??????,??? ????? ?? ??????","Bütün, Kemiksiz, But ve Baget ayr?lm??",img/products/tavuk/but.jpg,1,
????? ????,Tavuk Kanat,???? ?????,Beyaz et,170,,"???? ?????,????? 2 ???","Bütün, 2 adet kesim",img/products/tavuk/kanat.jpg,1,
??? ???? ( ???????? ),Tavuk Çorbal?k,???? ?????,Beyaz et,35,,,,img/products/tavuk/tavuk-corbalik.jpg,1,
??? ???,Dana Ya??,?????,Sakatatlar,250,,,,img/products/sakatat/yag.png,1,
????? ???,Dana Pöç,?????,Sakatatlar,450,,,,img/products/sakatat/poc.png,2,1.5
??? ???,Dana Yürek,?????,Sakatatlar,230,,,,img/products/sakatat/yurek.png,1,
???? ???,Dana Ci?er,?????,Sakatatlar,680,,"????? ????? ?????,????? ????????? (?????,??????),????? ??? ?????,???? ?????","Bütün, Pane dilim, Julienne, Ku?ba??",img/products/sakatat/ciger.png,1,
???? ???,Dana ??kembe,?????,Sakatatlar,230,,"???? ?????,?????,??????","Bütün, Dilim, Küp",img/products/sakatat/iskembe.JPG,1,
????? ???,Dana Böbrek,?????,Sakatatlar,120,,,,img/products/sakatat/bobrek.webp,2,0.7
???? ???,Dana Kelle Etti,?????,Sakatatlar,350,,,,img/products/sakatat/kelle.jpg,1,
????? ????,Tuzlu Mumbar,?????,Sakatatlar,280,,,,img/products/sakatat/tuzlu-mumbar.jpg,0,
?? ???,Dana Beyin,?????,Sakatatlar,150,,,,img/products/sakatat/beyin.JPG,,
????? ???,Dana Paça,?????,Sakatatlar,250,,,,img/products/sakatat/paca.JPG,,
??? ???,Dana Akci?er,?????,Sakatatlar,60,,,,img/products/sakatat/akciger.JPG,,
?????? ???,Dana Ill?kl? Kemik,?????,Sakatatlar,100,,,,img/products/sakatat/illikli.JPG,,
???? ???,Dana Dil,?????,Sakatatlar,440,,,,img/products/sakatat/dil.png,2,4
???? ???,Dana Dalak,?????,Sakatatlar,60,,,,img/products/sakatat/dalak.png,,
???? ????,Tavuk Burger,?????? ????? ???????,El Bereket ürünleri,250,200,,,img/products/elbereket-urunler/tavuk-burger.jpg,1,
???? ???,Et Burger,?????? ????? ???????,El Bereket ürünleri,690,,,,img/products/elbereket-urunler/et-burger.jpg,1,
??? ????,M?s?rl? Sucuk,?????? ????? ???????,El Bereket ürünleri,690,,,,img/products/elbereket-urunler/misirli-sucuk.jpg,1,
???? ????,Eritilmi? Tereya??,?????? ????? ???????,El Bereket ürünleri,650,,,,img/products/elbereket-urunler/tereyag.jpg,,
???? ????,Tereya??,?????? ????? ???????,El Bereket ürünleri,495,,,,img/products/elbereket-urunler/tereyag-1.jpg,,
??? ????,Beyaz Yumurtas?,?????? ????? ???????,El Bereket ürünleri,160,,,,img/products/elbereket-urunler/beyaz-yumurta.jpg,,
??? ????,Köy Yumurtas?,?????? ????? ???????,El Bereket ürünleri,225,,,,img/products/elbereket-urunler/koy-yumurta.jpg,,
??? ????????,Organik Yumurtas?,?????? ????? ???????,El Bereket ürünleri,225,,,,img/products/elbereket-urunler/organic.jpg,,
??? ???,Civiz,?????? ????? ???????,El Bereket ürünleri,100,,,,img/products/elbereket-urunler/civiz.jpg,,
???? ???? - ?????? ?????? ?????,Vegie Türk - Dondurulmu? Do?ranm?? Molekhiya,?????? ? ????? ?????,Dondurulmu? sebze & meyve,,,,,img/products/dondurulmus/IMG-20251027-WA0130.jpg,,
???? ???? - ????? ?????? ?????,Vegie Türk - Dondurulmu? Ekstra Bamya,?????? ? ????? ?????,Dondurulmu? sebze & meyve,85,,,,img/products/dondurulmus/IMG-20251027-WA0128.jpg,,
???? ???? - ??? ?? ????,Vegie Türk - Dondurulmu? Bakla,?????? ? ????? ?????,Dondurulmu? sebze & meyve,75,,,,img/products/dondurulmus/IMG-20251027-WA0129.jpg,,
???? ???? - ?????? ?????,Vegie Türk - Dondurulmu? Bezelye,?????? ? ????? ?????,Dondurulmu? sebze & meyve,75,,,,img/products/dondurulmus/IMG-20251027-WA0131.jpg,,
???? ???? - ?????? ? ??? ????,Vegie Türk - Dondurulmu? Bezelye ve Havuç,?????? ? ????? ?????,Dondurulmu? sebze & meyve,,,,,img/products/dondurulmus/IMG-20251027-WA0132.jpg,,
???? ???? - ????? ????,Vegie Türk - Dondurulmu? Taro,?????? ? ????? ?????,Dondurulmu? sebze & meyve,60,,,,img/products/dondurulmus/IMG-20251027-WA0133.jpg,,
???? ???? - ????? ?????,Vegie Türk - Dondurulmu? Mango,?????? ? ????? ?????,Dondurulmu? sebze & meyve,200,,,,img/products/dondurulmus/IMG-20251027-WA0134.jpg,,
???? ???? - ????? ?????,Vegie Türk - Dondurulmu? Guava,?????? ? ????? ?????,Dondurulmu? sebze & meyve,220,,,,img/products/dondurulmus/IMG-20251027-WA0135.jpg,,
???? ???? - ??????? ???? ????,Vegie Türk - Dondurulmu? Izgara Patl?can,?????? ? ????? ?????,Dondurulmu? sebze & meyve,160,,,,img/products/dondurulmus/IMG-20251027-WA0136.jpg,,
???? ?????,Amman Sobya,?????? ?????,M?s?r ürünleri,280,,,,img/products/misirli-urunler/????-?????.jpeg,,
??????????? ?????? 19 ??? ( ????? ???? ???????),Çobanp?nar Damacana 19L (Ayn? Marka De?i?im),???? ???,?çme suyu,100,,,,img/products/icme-suyu/???????????-??????-19-???.png,,
??????????? ?????? 19 ??? ( ????? ????? ?????? ),Çobanp?nar Damacana 19L (Farkl? Marka De?i?im),???? ???,?çme suyu,100,,,,img/products/icme-suyu/???????????-??????-19-???.png,,
??????????? ?????? 19 ??? ( ???? ????? ),Çobanp?nar Damacana 19L (De?i?imsiz),???? ???,?çme suyu,250,,,,img/products/icme-suyu/???????????-??????-19-???.png,,
??????????? ??? ????? 180 ?? × 60 ????,Çobanp?nar Su Bardak 180ml × 60 Adet,???? ???,?çme suyu,,,,,img/products/icme-suyu/???????????-???-?????-180??.png,,
??????????? ??? ????? 300?? × 60 ????,Çobanp?nar Su Bardak 300ml × 60 Adet,???? ???,?çme suyu,,,,,img/products/icme-suyu/???????????-???-?????-300??.png,,
??????????? ??? 330 ?? × 12 ????,Çobanp?nar Su 330ml × 12 Adet,???? ???,?çme suyu,,,,,img/products/icme-suyu/???????????-???-?????-300??.png,,
??????????? ??? 0.5 ???,Çobanp?nar Su 0.5L,???? ???,?çme suyu,10,,,,img/products/icme-suyu/???????????-???-0.5-???.png,,
??????????? ??? 0.5 ??? × 12 ????,Çobanp?nar Su 0.5L × 12 Adet,???? ???,?çme suyu,75,,,,img/products/icme-suyu/???????????-???-0.5-???.png,,
??????????? ??? 1 ???,Çobanp?nar Su 1L,???? ???,?çme suyu,20,,,,img/products/icme-suyu/???????????-???-1-???.png,,
??????????? ??? 1.5 ??? × 6 ???,Çobanp?nar Su 1.5L × 6 Adet,???? ???,?çme suyu,85,,,,img/products/icme-suyu/???????????-???-1-???.png,,
??????????? ??? 5 ???,Çobanp?nar Su 5L,???? ???,?çme suyu,25,,,,img/products/icme-suyu/???????????-???-5-???.png,,
??????????? ??? 5 ??? × 4 ???,Çobanp?nar Su 5L × 4 Adet,???? ???,?çme suyu,85,,,,img/products/icme-suyu/???????????-???-5-???.png,,
?????,Laverak Bal?k,?????,Bal?k,,,,,img/products/balik/laverak.jpg,1,
??????,Kalamar,?????,Bal?k,,,,,img/products/balik/kalamar.jpg,1,
????? ?????,Karadies,?????,Bal?k,,,,,img/products/balik/karadies.jpg,1,
?????,Hamsi,?????,Bal?k,,,,,img/products/balik/hamsi.jpg,1,
?????,Sardalya,?????,Bal?k,,,,,img/products/balik/serdayle.jpeg,1,
????,Deniz Bal?k,?????,Bal?k,,,,,img/products/balik/deniz.jpg,1,
